lot_id,part_id,board,socket,row,col,leak_0h_uA,leak_24h_uA,current_24h_mA,leak_168h_uA,qa_outcome
L01,L01-B1-S01,1,1,0,0,10.535,11.092,3.963,11.363,ok
L01,L01-B1-S02,1,2,0,1,10.311,10.549,3.973,11.298,ok
L01,L01-B1-S03,1,3,0,2,10.646,11.0,3.992,11.8,ok
L01,L01-B1-S04,1,4,0,3,10.231,10.406,3.926,11.225,ok
L01,L01-B1-S05,1,5,0,4,9.683,9.868,3.984,10.704,ok
L01,L01-B1-S06,1,6,0,5,8.818,8.992,4.079,9.51,ok
L01,L01-B1-S07,1,7,0,6,9.592,10.043,4.077,10.864,ok
L01,L01-B1-S08,1,8,0,7,11.614,11.899,4.162,12.366,ok
L01,L01-B1-S09,1,9,1,0,8.775,9.281,3.86,9.781,ok
L01,L01-B1-S10,1,10,1,1,11.569,11.967,4.137,12.606,ok
L01,L01-B1-S11,1,11,1,2,9.141,9.798,3.938,10.482,ok
L01,L01-B1-S12,1,12,1,3,9.606,10.033,4.105,10.29,ok
L01,L01-B1-S13,1,13,1,4,10.366,10.481,3.901,10.92,ok
L01,L01-B1-S14,1,14,1,5,11.398,11.881,4.086,12.325,ok
L01,L01-B1-S15,1,15,1,6,11.788,22.842,4.307,40.612,part_fault
L01,L01-B1-S16,1,16,1,7,12.932,13.52,4.099,14.513,ok
L01,L01-B1-S17,1,17,2,0,9.509,10.099,3.947,11.006,ok
L01,L01-B1-S18,1,18,2,1,9.953,10.193,4.034,11.048,ok
L01,L01-B1-S19,1,19,2,2,11.229,11.159,3.882,11.888,ok
L01,L01-B1-S20,1,20,2,3,9.113,9.391,3.828,9.714,ok
L01,L01-B1-S21,1,21,2,4,8.971,9.709,3.929,10.408,ok
L01,L01-B1-S22,1,22,2,5,10.147,10.547,4.02,11.026,ok
L01,L01-B1-S23,1,23,2,6,8.436,8.667,4.271,9.479,ok
L01,L01-B1-S24,1,24,2,7,9.387,9.942,4.055,10.515,ok
L01,L01-B1-S25,1,25,3,0,9.943,10.274,4.154,10.822,ok
L01,L01-B1-S26,1,26,3,1,12.15,22.87,3.914,40.654,part_fault
L01,L01-B1-S27,1,27,3,2,10.093,10.689,4.045,11.257,ok
L01,L01-B1-S28,1,28,3,3,8.834,8.891,3.976,10.24,ok
L01,L01-B1-S29,1,29,3,4,9.436,9.443,4.071,10.524,ok
L01,L01-B1-S30,1,30,3,5,8.259,8.673,3.846,8.812,ok
L01,L01-B1-S31,1,31,3,6,10.159,10.788,3.954,11.761,ok
L01,L01-B1-S32,1,32,3,7,10.111,10.632,3.874,10.905,ok
L01,L01-B1-S33,1,33,4,0,8.206,8.585,4.114,9.103,ok
L01,L01-B1-S34,1,34,4,1,9.829,10.137,4.024,11.141,ok
L01,L01-B1-S35,1,35,4,2,10.079,10.44,4.058,11.311,ok
L01,L01-B1-S36,1,36,4,3,11.005,11.205,3.725,11.827,ok
L01,L01-B1-S37,1,37,4,4,10.105,10.206,3.997,11.12,ok
L01,L01-B1-S38,1,38,4,5,11.528,11.615,4.092,12.193,ok
L01,L01-B1-S39,1,39,4,6,10.71,11.306,4.134,12.252,ok
L01,L01-B1-S40,1,40,4,7,9.56,10.008,4.125,10.48,ok
L01,L01-B2-S01,2,1,0,0,10.572,11.424,4.025,12.126,ok
L01,L01-B2-S02,2,2,0,1,11.253,11.881,3.873,12.54,ok
L01,L01-B2-S03,2,3,0,2,8.189,8.522,4.098,8.715,ok
L01,L01-B2-S04,2,4,0,3,8.66,9.282,4.253,9.574,ok
L01,L01-B2-S05,2,5,0,4,10.543,11.213,3.881,12.539,ok
L01,L01-B2-S06,2,6,0,5,7.667,8.183,3.83,9.222,ok
L01,L01-B2-S07,2,7,0,6,10.069,10.414,3.886,11.385,ok
L01,L01-B2-S08,2,8,0,7,10.964,11.927,4.066,12.969,ok
L01,L01-B2-S09,2,9,1,0,10.001,10.688,3.868,10.786,ok
L01,L01-B2-S10,2,10,1,1,9.825,10.114,3.898,10.901,ok
L01,L01-B2-S11,2,11,1,2,10.862,11.213,3.946,11.268,ok
L01,L01-B2-S12,2,12,1,3,7.883,8.342,4.089,9.177,ok
L01,L01-B2-S13,2,13,1,4,10.346,11.311,4.113,12.29,ok
L01,L01-B2-S14,2,14,1,5,9.246,9.907,3.89,10.883,ok
L01,L01-B2-S15,2,15,1,6,10.504,11.255,3.894,11.929,ok
L01,L01-B2-S16,2,16,1,7,11.337,11.795,4.069,12.421,ok
L01,L01-B2-S17,2,17,2,0,9.29,9.808,3.897,10.699,ok
L01,L01-B2-S18,2,18,2,1,8.247,9.149,3.949,9.602,ok
L01,L01-B2-S19,2,19,2,2,12.044,27.089,4.136,51.381,part_fault
L01,L01-B2-S20,2,20,2,3,10.738,10.961,3.913,12.021,ok
L01,L01-B2-S21,2,21,2,4,10.654,11.254,4.091,12.261,ok
L01,L01-B2-S22,2,22,2,5,9.779,9.704,4.067,9.981,ok
L01,L01-B2-S23,2,23,2,6,9.85,10.473,4.093,11.171,ok
L01,L01-B2-S24,2,24,2,7,10.364,10.475,3.822,11.475,ok
L01,L01-B2-S25,2,25,3,0,8.698,9.223,4.009,9.615,ok
L01,L01-B2-S26,2,26,3,1,10.084,10.978,4.049,10.924,ok
L01,L01-B2-S27,2,27,3,2,10.229,10.66,4.031,11.103,ok
L01,L01-B2-S28,2,28,3,3,10.601,11.288,4.094,11.456,ok
L01,L01-B2-S29,2,29,3,4,10.497,10.84,3.943,11.596,ok
L01,L01-B2-S30,2,30,3,5,10.333,10.866,3.871,11.371,ok
L01,L01-B2-S31,2,31,3,6,10.012,10.632,3.921,11.016,ok
L01,L01-B2-S32,2,32,3,7,9.077,9.669,3.868,9.965,ok
L01,L01-B2-S33,2,33,4,0,8.669,8.967,3.933,9.571,ok
L01,L01-B2-S34,2,34,4,1,9.508,9.687,3.977,10.549,ok
L01,L01-B2-S35,2,35,4,2,9.496,9.537,3.864,10.022,ok
L01,L01-B2-S36,2,36,4,3,10.129,9.917,4.195,10.812,ok
L01,L01-B2-S37,2,37,4,4,11.353,12.205,4.25,13.246,ok
L01,L01-B2-S38,2,38,4,5,8.962,9.433,4.091,10.19,ok
L01,L01-B2-S39,2,39,4,6,10.467,11.138,4.305,11.725,ok
L01,L01-B2-S40,2,40,4,7,10.907,11.307,3.865,12.101,ok
L01,L01-B3-S01,3,1,0,0,8.971,9.233,3.991,10.596,ok
L01,L01-B3-S02,3,2,0,1,8.86,9.209,4.043,9.833,ok
L01,L01-B3-S03,3,3,0,2,11.012,11.128,3.968,12.043,ok
L01,L01-B3-S04,3,4,0,3,9.878,10.269,3.86,11.254,ok
L01,L01-B3-S05,3,5,0,4,11.035,11.365,4.098,12.533,ok
L01,L01-B3-S06,3,6,0,5,8.773,9.114,3.788,9.916,ok
L01,L01-B3-S07,3,7,0,6,8.399,8.783,4.009,9.604,ok
L01,L01-B3-S08,3,8,0,7,44.163,44.571,4.55,44.968,part_fault
L01,L01-B3-S09,3,9,1,0,10.144,10.393,4.083,11.149,ok
L01,L01-B3-S10,3,10,1,1,11.225,11.731,4.056,12.338,ok
L01,L01-B3-S11,3,11,1,2,9.962,10.403,3.971,10.848,ok
L01,L01-B3-S12,3,12,1,3,11.008,10.915,4.137,11.444,ok
L01,L01-B3-S13,3,13,1,4,11.502,11.626,4.031,12.334,ok
L01,L01-B3-S14,3,14,1,5,8.704,9.328,4.117,10.372,ok
L01,L01-B3-S15,3,15,1,6,10.144,10.529,4.054,11.223,ok
L01,L01-B3-S16,3,16,1,7,9.479,9.745,3.889,10.478,ok
L01,L01-B3-S17,3,17,2,0,10.133,11.062,4.107,11.43,ok
L01,L01-B3-S18,3,18,2,1,9.827,10.37,4.355,10.983,ok
L01,L01-B3-S19,3,19,2,2,10.642,10.994,4.005,11.774,ok
L01,L01-B3-S20,3,20,2,3,9.143,9.281,4.192,10.197,ok
L01,L01-B3-S21,3,21,2,4,9.989,10.588,3.987,11.413,ok
L01,L01-B3-S22,3,22,2,5,8.516,8.954,3.873,9.306,ok
L01,L01-B3-S23,3,23,2,6,9.724,10.235,3.889,10.97,ok
L01,L01-B3-S24,3,24,2,7,10.056,9.992,3.912,10.711,ok
L01,L01-B3-S25,3,25,3,0,9.514,9.376,4.105,10.38,ok
L01,L01-B3-S26,3,26,3,1,9.691,9.794,3.983,10.194,ok
L01,L01-B3-S27,3,27,3,2,10.403,10.76,3.96,11.022,ok
L01,L01-B3-S28,3,28,3,3,9.964,10.099,3.979,10.715,ok
L01,L01-B3-S29,3,29,3,4,9.441,10.065,3.938,11.118,ok
L01,L01-B3-S30,3,30,3,5,10.296,11.001,3.866,11.44,ok
L01,L01-B3-S31,3,31,3,6,8.749,9.413,4.08,9.744,ok
L01,L01-B3-S32,3,32,3,7,9.513,9.71,3.652,10.167,ok
L01,L01-B3-S33,3,33,4,0,9.864,10.131,4.053,10.883,ok
L01,L01-B3-S34,3,34,4,1,10.277,10.602,3.973,11.474,ok
L01,L01-B3-S35,3,35,4,2,10.819,10.966,3.724,11.685,ok
L01,L01-B3-S36,3,36,4,3,10.731,11.293,4.165,11.884,ok
L01,L01-B3-S37,3,37,4,4,11.342,11.778,4.108,12.897,ok
L01,L01-B3-S38,3,38,4,5,11.801,11.981,4.03,12.405,ok
L01,L01-B3-S39,3,39,4,6,10.112,10.559,4.241,11.11,ok
L01,L01-B3-S40,3,40,4,7,9.37,9.927,4.032,10.077,ok
L02,L02-B1-S01,1,1,0,0,9.366,9.634,4.13,10.37,ok
L02,L02-B1-S02,1,2,0,1,9.497,9.7,3.921,10.14,ok
L02,L02-B1-S03,1,3,0,2,10.558,11.106,4.044,12.116,ok
L02,L02-B1-S04,1,4,0,3,11.308,27.927,4.153,28.525,board_fault
L02,L02-B1-S05,1,5,0,4,9.803,29.304,3.657,30.204,board_fault
L02,L02-B1-S06,1,6,0,5,10.906,11.431,4.229,11.943,ok
L02,L02-B1-S07,1,7,0,6,10.203,10.567,3.904,10.991,ok
L02,L02-B1-S08,1,8,0,7,10.487,10.857,3.924,11.645,ok
L02,L02-B1-S09,1,9,1,0,8.976,9.487,3.971,10.36,ok
L02,L02-B1-S10,1,10,1,1,9.998,10.242,4.168,10.885,ok
L02,L02-B1-S11,1,11,1,2,10.852,11.31,3.991,11.684,ok
L02,L02-B1-S12,1,12,1,3,9.028,27.046,4.053,27.892,board_fault
L02,L02-B1-S13,1,13,1,4,9.76,26.582,4.065,27.369,board_fault
L02,L02-B1-S14,1,14,1,5,9.779,10.138,3.889,11.368,ok
L02,L02-B1-S15,1,15,1,6,8.884,9.68,3.949,10.362,ok
L02,L02-B1-S16,1,16,1,7,11.477,11.55,3.837,12.728,ok
L02,L02-B1-S17,1,17,2,0,9.407,9.82,3.974,10.548,ok
L02,L02-B1-S18,1,18,2,1,10.337,10.722,3.99,11.343,ok
L02,L02-B1-S19,1,19,2,2,10.95,11.306,3.905,12.15,ok
L02,L02-B1-S20,1,20,2,3,9.812,28.618,3.838,29.061,board_fault
L02,L02-B1-S21,1,21,2,4,10.903,11.073,4.063,12.076,ok
L02,L02-B1-S22,1,22,2,5,9.638,10.26,4.116,11.006,ok
L02,L02-B1-S23,1,23,2,6,10.958,11.06,4.042,11.929,ok
L02,L02-B1-S24,1,24,2,7,9.812,10.158,4.118,10.411,ok
L02,L02-B1-S25,1,25,3,0,10.002,10.239,4.072,11.138,ok
L02,L02-B1-S26,1,26,3,1,10.701,10.805,3.922,11.363,ok
L02,L02-B1-S27,1,27,3,2,10.709,11.191,3.975,11.846,ok
L02,L02-B1-S28,1,28,3,3,10.617,11.502,3.768,12.157,ok
L02,L02-B1-S29,1,29,3,4,9.085,9.682,4.137,9.907,ok
L02,L02-B1-S30,1,30,3,5,10.352,10.947,3.722,11.518,ok
L02,L02-B1-S31,1,31,3,6,8.566,9.172,3.786,9.681,ok
L02,L02-B1-S32,1,32,3,7,10.777,11.148,3.983,11.913,ok
L02,L02-B1-S33,1,33,4,0,9.875,10.22,3.875,10.924,ok
L02,L02-B1-S34,1,34,4,1,8.166,8.787,4.049,9.164,ok
L02,L02-B1-S35,1,35,4,2,9.683,10.254,3.887,10.755,ok
L02,L02-B1-S36,1,36,4,3,11.704,22.91,3.867,40.33,part_fault
L02,L02-B1-S37,1,37,4,4,9.695,9.625,4.026,10.519,ok
L02,L02-B1-S38,1,38,4,5,10.032,10.06,4.149,10.625,ok
L02,L02-B1-S39,1,39,4,6,11.363,11.493,4.15,12.457,ok
L02,L02-B1-S40,1,40,4,7,11.541,11.904,3.832,12.62,ok
L02,L02-B2-S01,2,1,0,0,10.765,11.175,4.223,11.591,ok
L02,L02-B2-S02,2,2,0,1,11.914,11.705,3.868,12.553,ok
L02,L02-B2-S03,2,3,0,2,9.235,9.729,4.154,10.471,ok
L02,L02-B2-S04,2,4,0,3,9.099,9.452,3.752,10.004,ok
L02,L02-B2-S05,2,5,0,4,11.135,11.617,4.024,12.174,ok
L02,L02-B2-S06,2,6,0,5,9.764,10.291,4.045,11.219,ok
L02,L02-B2-S07,2,7,0,6,11.393,11.813,3.891,11.977,ok
L02,L02-B2-S08,2,8,0,7,8.721,9.05,3.797,9.788,ok
L02,L02-B2-S09,2,9,1,0,12.09,12.48,4.147,13.358,ok
L02,L02-B2-S10,2,10,1,1,8.914,9.548,4.075,10.313,ok
L02,L02-B2-S11,2,11,1,2,9.424,9.628,4.187,10.411,ok
L02,L02-B2-S12,2,12,1,3,10.998,11.462,4.237,12.241,ok
L02,L02-B2-S13,2,13,1,4,8.359,8.7,3.954,9.532,ok
L02,L02-B2-S14,2,14,1,5,11.25,11.624,4.14,13.106,ok
L02,L02-B2-S15,2,15,1,6,9.48,9.917,4.13,10.66,ok
L02,L02-B2-S16,2,16,1,7,11.181,11.443,3.918,12.034,ok
L02,L02-B2-S17,2,17,2,0,10.158,10.816,4.074,11.489,ok
L02,L02-B2-S18,2,18,2,1,11.219,11.542,3.967,11.64,ok
L02,L02-B2-S19,2,19,2,2,10.471,10.878,3.773,11.806,ok
L02,L02-B2-S20,2,20,2,3,11.333,11.332,3.944,12.444,ok
L02,L02-B2-S21,2,21,2,4,10.881,11.442,3.939,11.62,ok
L02,L02-B2-S22,2,22,2,5,10.686,11.244,3.973,11.823,ok
L02,L02-B2-S23,2,23,2,6,9.799,10.089,4.104,10.691,ok
L02,L02-B2-S24,2,24,2,7,9.532,10.2,3.75,10.838,ok
L02,L02-B2-S25,2,25,3,0,10.901,11.636,4.06,12.774,ok
L02,L02-B2-S26,2,26,3,1,9.684,9.873,4.084,10.625,ok
L02,L02-B2-S27,2,27,3,2,9.399,9.573,3.745,10.123,ok
L02,L02-B2-S28,2,28,3,3,10.131,10.515,3.972,11.309,ok
L02,L02-B2-S29,2,29,3,4,10.016,10.242,4.022,10.815,ok
L02,L02-B2-S30,2,30,3,5,8.806,9.168,3.966,9.907,ok
L02,L02-B2-S31,2,31,3,6,11.858,26.879,3.929,51.346,part_fault
L02,L02-B2-S32,2,32,3,7,9.622,9.965,3.951,10.745,ok
L02,L02-B2-S33,2,33,4,0,10.058,10.125,3.689,10.717,ok
L02,L02-B2-S34,2,34,4,1,44.258,44.838,4.55,45.285,part_fault
L02,L02-B2-S35,2,35,4,2,9.426,9.453,3.994,10.654,ok
L02,L02-B2-S36,2,36,4,3,10.546,11.172,3.932,11.945,ok
L02,L02-B2-S37,2,37,4,4,10.558,11.053,3.873,11.861,ok
L02,L02-B2-S38,2,38,4,5,9.995,10.086,4.152,10.989,ok
L02,L02-B2-S39,2,39,4,6,9.811,10.388,4.092,10.977,ok
L02,L02-B2-S40,2,40,4,7,7.714,8.447,4.07,8.746,ok
L02,L02-B3-S01,3,1,0,0,8.809,9.261,4.166,9.769,ok
L02,L02-B3-S02,3,2,0,1,9.673,10.325,4.159,10.72,ok
L02,L02-B3-S03,3,3,0,2,9.859,10.38,4.022,10.903,ok
L02,L02-B3-S04,3,4,0,3,10.333,10.572,3.983,11.006,ok
L02,L02-B3-S05,3,5,0,4,8.642,8.905,3.974,9.417,ok
L02,L02-B3-S06,3,6,0,5,8.54,8.609,3.952,9.043,ok
L02,L02-B3-S07,3,7,0,6,11.981,12.094,4.015,12.64,ok
L02,L02-B3-S08,3,8,0,7,9.298,9.512,4.118,10.163,ok
L02,L02-B3-S09,3,9,1,0,10.583,10.511,4.059,11.658,ok
L02,L02-B3-S10,3,10,1,1,10.499,10.683,4.046,11.005,ok
L02,L02-B3-S11,3,11,1,2,9.755,10.409,4.1,11.178,ok
L02,L02-B3-S12,3,12,1,3,10.436,10.842,3.859,11.489,ok
L02,L02-B3-S13,3,13,1,4,10.492,10.858,3.99,11.448,ok
L02,L02-B3-S14,3,14,1,5,11.13,11.457,3.92,12.112,ok
L02,L02-B3-S15,3,15,1,6,8.773,9.175,4.128,9.733,ok
L02,L02-B3-S16,3,16,1,7,8.804,8.909,3.696,9.335,ok
L02,L02-B3-S17,3,17,2,0,9.324,10.091,3.935,10.317,ok
L02,L02-B3-S18,3,18,2,1,8.769,9.069,4.119,9.916,ok
L02,L02-B3-S19,3,19,2,2,10.925,12.173,4.082,12.753,ok
L02,L02-B3-S20,3,20,2,3,10.432,10.693,3.861,11.57,ok
L02,L02-B3-S21,3,21,2,4,9.303,9.585,4.103,10.388,ok
L02,L02-B3-S22,3,22,2,5,10.597,11.232,3.901,11.885,ok
L02,L02-B3-S23,3,23,2,6,9.1,9.588,4.13,10.383,ok
L02,L02-B3-S24,3,24,2,7,8.926,9.296,3.988,10.105,ok
L02,L02-B3-S25,3,25,3,0,10.783,11.168,3.898,11.724,ok
L02,L02-B3-S26,3,26,3,1,10.787,11.537,3.917,12.046,ok
L02,L02-B3-S27,3,27,3,2,9.391,10.284,3.846,10.763,ok
L02,L02-B3-S28,3,28,3,3,9.852,10.223,4.02,11.055,ok
L02,L02-B3-S29,3,29,3,4,10.747,11.154,4.002,11.766,ok
L02,L02-B3-S30,3,30,3,5,10.156,10.671,4.069,11.47,ok
L02,L02-B3-S31,3,31,3,6,8.785,9.72,4.054,10.138,ok
L02,L02-B3-S32,3,32,3,7,10.66,10.813,4.022,11.388,ok
L02,L02-B3-S33,3,33,4,0,11.059,11.654,4.023,12.053,ok
L02,L02-B3-S34,3,34,4,1,10.365,10.352,3.979,10.747,ok
L02,L02-B3-S35,3,35,4,2,10.424,10.563,3.995,11.798,ok
L02,L02-B3-S36,3,36,4,3,9.638,10.535,4.097,10.539,ok
L02,L02-B3-S37,3,37,4,4,8.684,9.364,3.984,9.814,ok
L02,L02-B3-S38,3,38,4,5,9.715,10.218,4.09,10.946,ok
L02,L02-B3-S39,3,39,4,6,10.881,10.934,3.98,11.663,ok
L02,L02-B3-S40,3,40,4,7,9.333,9.224,4.114,9.709,ok
L03,L03-B1-S01,1,1,0,0,9.384,9.718,4.11,10.869,ok
L03,L03-B1-S02,1,2,0,1,9.137,9.296,4.085,10.017,ok
L03,L03-B1-S03,1,3,0,2,9.79,10.313,3.856,10.873,ok
L03,L03-B1-S04,1,4,0,3,10.298,10.694,3.896,11.404,ok
L03,L03-B1-S05,1,5,0,4,8.001,8.447,3.907,9.223,ok
L03,L03-B1-S06,1,6,0,5,10.557,10.6,3.903,11.154,ok
L03,L03-B1-S07,1,7,0,6,10.716,11.164,4.084,11.965,ok
L03,L03-B1-S08,1,8,0,7,10.477,10.913,4.027,11.416,ok
L03,L03-B1-S09,1,9,1,0,10.421,11.316,3.961,11.852,ok
L03,L03-B1-S10,1,10,1,1,9.889,9.979,4.086,10.749,ok
L03,L03-B1-S11,1,11,1,2,10.227,10.159,3.951,10.869,ok
L03,L03-B1-S12,1,12,1,3,10.041,10.164,3.907,10.819,ok
L03,L03-B1-S13,1,13,1,4,8.581,8.739,3.943,9.348,ok
L03,L03-B1-S14,1,14,1,5,10.672,11.192,4.094,11.699,ok
L03,L03-B1-S15,1,15,1,6,9.016,9.298,4.081,9.914,ok
L03,L03-B1-S16,1,16,1,7,10.602,10.935,3.889,11.655,ok
L03,L03-B1-S17,1,17,2,0,11.556,12.176,3.853,12.538,ok
L03,L03-B1-S18,1,18,2,1,10.111,10.037,3.911,10.749,ok
L03,L03-B1-S19,1,19,2,2,10.313,10.764,3.991,11.469,ok
L03,L03-B1-S20,1,20,2,3,10.685,11.32,3.941,11.915,ok
L03,L03-B1-S21,1,21,2,4,11.692,11.723,4.01,12.549,ok
L03,L03-B1-S22,1,22,2,5,8.352,8.631,3.798,8.919,ok
L03,L03-B1-S23,1,23,2,6,9.923,10.444,4.047,10.888,ok
L03,L03-B1-S24,1,24,2,7,10.669,11.167,3.836,11.625,ok
L03,L03-B1-S25,1,25,3,0,9.279,9.691,4.032,10.245,ok
L03,L03-B1-S26,1,26,3,1,9.215,9.299,4.042,9.869,ok
L03,L03-B1-S27,1,27,3,2,10.087,10.476,3.9,11.207,ok
L03,L03-B1-S28,1,28,3,3,10.028,10.422,4.134,10.709,ok
L03,L03-B1-S29,1,29,3,4,10.847,11.392,4.113,11.966,ok
L03,L03-B1-S30,1,30,3,5,11.428,11.879,4.201,12.653,ok
L03,L03-B1-S31,1,31,3,6,9.472,9.547,4.152,10.189,ok
L03,L03-B1-S32,1,32,3,7,9.888,9.786,3.945,10.124,ok
L03,L03-B1-S33,1,33,4,0,10.67,11.418,4.091,11.691,ok
L03,L03-B1-S34,1,34,4,1,10.094,10.532,4.054,10.939,ok
L03,L03-B1-S35,1,35,4,2,10.152,10.147,3.829,10.847,ok
L03,L03-B1-S36,1,36,4,3,11.503,11.59,3.756,12.379,ok
L03,L03-B1-S37,1,37,4,4,10.621,11.073,4.142,11.532,ok
L03,L03-B1-S38,1,38,4,5,9.931,10.518,4.07,11.042,ok
L03,L03-B1-S39,1,39,4,6,10.255,10.574,4.129,11.341,ok
L03,L03-B1-S40,1,40,4,7,9.371,9.506,4.034,10.458,ok
L03,L03-B2-S01,2,1,0,0,8.611,9.044,4.092,9.985,ok
L03,L03-B2-S02,2,2,0,1,11.409,11.729,3.868,12.26,ok
L03,L03-B2-S03,2,3,0,2,12.844,12.789,3.905,13.594,ok
L03,L03-B2-S04,2,4,0,3,12.008,26.926,4.049,51.596,part_fault
L03,L03-B2-S05,2,5,0,4,9.11,8.971,3.934,9.158,ok
L03,L03-B2-S06,2,6,0,5,10.556,10.961,4.143,11.58,ok
L03,L03-B2-S07,2,7,0,6,9.781,10.03,3.891,10.664,ok
L03,L03-B2-S08,2,8,0,7,8.673,9.006,3.905,9.125,ok
L03,L03-B2-S09,2,9,1,0,12.013,11.959,3.894,12.462,ok
L03,L03-B2-S10,2,10,1,1,11.166,11.432,4.071,12.158,ok
L03,L03-B2-S11,2,11,1,2,8.099,8.516,4.061,8.633,ok
L03,L03-B2-S12,2,12,1,3,8.478,8.815,4.004,9.629,ok
L03,L03-B2-S13,2,13,1,4,9.439,9.643,4.084,10.54,ok
L03,L03-B2-S14,2,14,1,5,9.651,10.611,4.093,11.253,ok
L03,L03-B2-S15,2,15,1,6,11.385,11.932,4.02,12.23,ok
L03,L03-B2-S16,2,16,1,7,9.313,9.345,3.914,10.343,ok
L03,L03-B2-S17,2,17,2,0,10.459,10.839,3.979,11.776,ok
L03,L03-B2-S18,2,18,2,1,9.776,10.484,3.919,10.736,ok
L03,L03-B2-S19,2,19,2,2,9.492,9.702,4.074,10.438,ok
L03,L03-B2-S20,2,20,2,3,9.475,9.76,4.097,10.354,ok
L03,L03-B2-S21,2,21,2,4,11.744,22.605,4.294,40.641,part_fault
L03,L03-B2-S22,2,22,2,5,8.979,9.905,4.029,10.644,ok
L03,L03-B2-S23,2,23,2,6,10.699,11.149,4.138,11.784,ok
L03,L03-B2-S24,2,24,2,7,9.266,9.477,4.029,10.274,ok
L03,L03-B2-S25,2,25,3,0,10.836,11.244,4.049,11.7,ok
L03,L03-B2-S26,2,26,3,1,9.382,9.554,3.969,10.24,ok
L03,L03-B2-S27,2,27,3,2,9.354,9.673,3.852,10.318,ok
L03,L03-B2-S28,2,28,3,3,9.865,10.238,4.339,11.454,ok
L03,L03-B2-S29,2,29,3,4,9.157,9.62,4.039,9.837,ok
L03,L03-B2-S30,2,30,3,5,10.482,10.721,3.722,11.062,ok
L03,L03-B2-S31,2,31,3,6,9.89,10.901,4.169,11.701,ok
L03,L03-B2-S32,2,32,3,7,9.98,10.435,3.979,11.335,ok
L03,L03-B2-S33,2,33,4,0,8.891,9.297,4.123,9.698,ok
L03,L03-B2-S34,2,34,4,1,10.365,10.455,4.005,10.951,ok
L03,L03-B2-S35,2,35,4,2,10.42,10.608,4.035,11.508,ok
L03,L03-B2-S36,2,36,4,3,10.354,10.885,4.015,11.748,ok
L03,L03-B2-S37,2,37,4,4,9.601,10.323,4.07,10.786,ok
L03,L03-B2-S38,2,38,4,5,8.45,8.96,4.203,9.589,ok
L03,L03-B2-S39,2,39,4,6,9.723,10.344,3.911,11.15,ok
L03,L03-B2-S40,2,40,4,7,10.465,10.881,4.021,11.394,ok
L03,L03-B3-S01,3,1,0,0,11.968,22.737,3.867,40.651,part_fault
L03,L03-B3-S02,3,2,0,1,9.643,10.119,3.961,10.557,ok
L03,L03-B3-S03,3,3,0,2,9.138,9.685,3.967,10.521,ok
L03,L03-B3-S04,3,4,0,3,10.349,10.737,3.929,11.286,ok
L03,L03-B3-S05,3,5,0,4,11.239,11.836,4.033,12.108,ok
L03,L03-B3-S06,3,6,0,5,11.8,12.42,4.18,12.935,ok
L03,L03-B3-S07,3,7,0,6,9.072,9.706,3.992,10.254,ok
L03,L03-B3-S08,3,8,0,7,9.668,9.862,3.786,10.666,ok
L03,L03-B3-S09,3,9,1,0,8.816,9.372,4.013,10.465,ok
L03,L03-B3-S10,3,10,1,1,10.355,10.999,3.789,11.833,ok
L03,L03-B3-S11,3,11,1,2,7.44,8.085,3.834,8.716,ok
L03,L03-B3-S12,3,12,1,3,9.93,10.093,3.691,10.704,ok
L03,L03-B3-S13,3,13,1,4,9.97,10.195,3.899,11.217,ok
L03,L03-B3-S14,3,14,1,5,7.697,8.113,4.225,8.649,ok
L03,L03-B3-S15,3,15,1,6,8.367,8.791,4.03,9.629,ok
L03,L03-B3-S16,3,16,1,7,8.045,8.937,4.019,9.874,ok
L03,L03-B3-S17,3,17,2,0,9.852,10.365,4.001,11.183,ok
L03,L03-B3-S18,3,18,2,1,11.049,11.891,4.023,12.866,ok
L03,L03-B3-S19,3,19,2,2,10.42,10.748,4.183,11.385,ok
L03,L03-B3-S20,3,20,2,3,8.664,9.276,3.992,9.874,ok
L03,L03-B3-S21,3,21,2,4,9.912,9.97,4.105,10.666,ok
L03,L03-B3-S22,3,22,2,5,9.818,9.794,4.139,10.169,ok
L03,L03-B3-S23,3,23,2,6,11.766,11.59,4.163,12.68,ok
L03,L03-B3-S24,3,24,2,7,9.446,9.688,3.889,10.159,ok
L03,L03-B3-S25,3,25,3,0,11.367,11.907,4.083,12.664,ok
L03,L03-B3-S26,3,26,3,1,44.634,45.011,4.55,45.913,part_fault
L03,L03-B3-S27,3,27,3,2,10.404,10.718,3.932,11.65,ok
L03,L03-B3-S28,3,28,3,3,9.399,9.974,3.789,9.887,ok
L03,L03-B3-S29,3,29,3,4,9.817,10.324,4.099,10.758,ok
L03,L03-B3-S30,3,30,3,5,10.886,11.133,3.819,11.748,ok
L03,L03-B3-S31,3,31,3,6,10.062,10.143,3.905,11.375,ok
L03,L03-B3-S32,3,32,3,7,10.587,10.423,3.89,11.072,ok
L03,L03-B3-S33,3,33,4,0,10.097,10.827,4.058,11.677,ok
L03,L03-B3-S34,3,34,4,1,9.773,10.289,3.993,11.241,ok
L03,L03-B3-S35,3,35,4,2,11.117,11.545,4.1,12.323,ok
L03,L03-B3-S36,3,36,4,3,9.812,10.211,3.868,10.876,ok
L03,L03-B3-S37,3,37,4,4,8.188,8.482,4.008,8.922,ok
L03,L03-B3-S38,3,38,4,5,9.75,10.081,3.9,10.666,ok
L03,L03-B3-S39,3,39,4,6,8.753,8.751,4.074,9.34,ok
L03,L03-B3-S40,3,40,4,7,9.055,9.693,3.825,10.117,ok
L04,L04-B1-S01,1,1,0,0,9.336,9.412,3.931,10.177,ok
L04,L04-B1-S02,1,2,0,1,11.549,11.785,4.042,12.718,ok
L04,L04-B1-S03,1,3,0,2,10.101,10.716,3.886,11.797,ok
L04,L04-B1-S04,1,4,0,3,10.617,10.954,3.983,11.482,ok
L04,L04-B1-S05,1,5,0,4,10.464,10.844,3.954,11.144,ok
L04,L04-B1-S06,1,6,0,5,10.016,10.622,3.973,10.956,ok
L04,L04-B1-S07,1,7,0,6,12.571,12.871,3.736,14.274,ok
L04,L04-B1-S08,1,8,0,7,9.605,10.779,4.041,11.379,ok
L04,L04-B1-S09,1,9,1,0,11.236,11.43,3.871,11.681,ok
L04,L04-B1-S10,1,10,1,1,11.147,12.08,4.274,12.702,ok
L04,L04-B1-S11,1,11,1,2,11.898,11.732,4.124,12.184,ok
L04,L04-B1-S12,1,12,1,3,9.864,10.246,4.007,10.885,ok
L04,L04-B1-S13,1,13,1,4,9.719,9.998,4.093,10.372,ok
L04,L04-B1-S14,1,14,1,5,9.58,10.115,4.058,10.486,ok
L04,L04-B1-S15,1,15,1,6,9.62,9.784,4.138,10.782,ok
L04,L04-B1-S16,1,16,1,7,8.334,8.697,3.839,9.383,ok
L04,L04-B1-S17,1,17,2,0,10.313,10.806,3.853,11.828,ok
L04,L04-B1-S18,1,18,2,1,11.232,11.829,3.743,12.294,ok
L04,L04-B1-S19,1,19,2,2,8.818,9.403,3.881,9.645,ok
L04,L04-B1-S20,1,20,2,3,10.366,10.601,4.085,11.689,ok
L04,L04-B1-S21,1,21,2,4,9.982,10.343,4.042,10.861,ok
L04,L04-B1-S22,1,22,2,5,8.861,9.181,4.056,9.576,ok
L04,L04-B1-S23,1,23,2,6,9.77,10.32,4.107,11.025,ok
L04,L04-B1-S24,1,24,2,7,44.623,45.111,4.55,45.973,part_fault
L04,L04-B1-S25,1,25,3,0,10.24,10.69,3.982,11.278,ok
L04,L04-B1-S26,1,26,3,1,9.989,10.589,3.912,10.935,ok
L04,L04-B1-S27,1,27,3,2,10.08,10.24,3.917,10.879,ok
L04,L04-B1-S28,1,28,3,3,10.324,10.493,3.929,11.15,ok
L04,L04-B1-S29,1,29,3,4,9.87,10.283,3.962,10.853,ok
L04,L04-B1-S30,1,30,3,5,10.471,10.928,3.942,11.919,ok
L04,L04-B1-S31,1,31,3,6,11.002,11.589,4.076,11.78,ok
L04,L04-B1-S32,1,32,3,7,9.859,10.619,3.937,11.193,ok
L04,L04-B1-S33,1,33,4,0,9.392,9.768,4.048,10.435,ok
L04,L04-B1-S34,1,34,4,1,10.27,10.298,4.045,10.226,ok
L04,L04-B1-S35,1,35,4,2,10.019,10.535,3.904,10.86,ok
L04,L04-B1-S36,1,36,4,3,11.016,11.738,3.968,12.253,ok
L04,L04-B1-S37,1,37,4,4,8.606,8.809,3.865,9.559,ok
L04,L04-B1-S38,1,38,4,5,11.168,11.402,3.924,12.278,ok
L04,L04-B1-S39,1,39,4,6,9.818,10.133,4.013,11.018,ok
L04,L04-B1-S40,1,40,4,7,10.127,10.265,4.041,11.352,ok
L04,L04-B2-S01,2,1,0,0,10.576,11.196,3.95,11.661,ok
L04,L04-B2-S02,2,2,0,1,10.809,10.925,4.039,11.78,ok
L04,L04-B2-S03,2,3,0,2,9.979,10.401,3.98,11.316,ok
L04,L04-B2-S04,2,4,0,3,8.641,25.515,3.924,26.384,board_fault
L04,L04-B2-S05,2,5,0,4,9.063,24.954,3.917,25.603,board_fault
L04,L04-B2-S06,2,6,0,5,11.017,11.649,3.926,12.123,ok
L04,L04-B2-S07,2,7,0,6,9.181,9.647,3.912,10.21,ok
L04,L04-B2-S08,2,8,0,7,8.347,9.029,4.081,9.035,ok
L04,L04-B2-S09,2,9,1,0,8.734,8.642,4.079,9.166,ok
L04,L04-B2-S10,2,10,1,1,10.65,10.593,3.922,11.57,ok
L04,L04-B2-S11,2,11,1,2,10.797,11.167,3.94,11.919,ok
L04,L04-B2-S12,2,12,1,3,10.293,25.419,3.863,26.242,board_fault
L04,L04-B2-S13,2,13,1,4,8.761,28.169,4.206,29.11,board_fault
L04,L04-B2-S14,2,14,1,5,10.914,11.245,3.914,11.917,ok
L04,L04-B2-S15,2,15,1,6,10.181,10.597,4.147,11.235,ok
L04,L04-B2-S16,2,16,1,7,9.662,10.402,3.823,11.223,ok
L04,L04-B2-S17,2,17,2,0,9.889,10.414,3.979,11.497,ok
L04,L04-B2-S18,2,18,2,1,10.326,10.839,4.094,11.606,ok
L04,L04-B2-S19,2,19,2,2,9.902,10.409,3.737,10.737,ok
L04,L04-B2-S20,2,20,2,3,8.734,23.326,4.082,24.385,board_fault
L04,L04-B2-S21,2,21,2,4,10.265,10.808,3.85,11.346,ok
L04,L04-B2-S22,2,22,2,5,8.551,8.865,4.21,9.468,ok
L04,L04-B2-S23,2,23,2,6,9.98,10.558,4.102,10.985,ok
L04,L04-B2-S24,2,24,2,7,11.095,11.387,3.955,12.085,ok
L04,L04-B2-S25,2,25,3,0,11.004,11.061,3.901,12.07,ok
L04,L04-B2-S26,2,26,3,1,10.073,10.186,3.822,10.601,ok
L04,L04-B2-S27,2,27,3,2,10.02,10.289,3.982,10.904,ok
L04,L04-B2-S28,2,28,3,3,8.912,9.505,3.953,10.239,ok
L04,L04-B2-S29,2,29,3,4,9.569,9.947,4.023,10.481,ok
L04,L04-B2-S30,2,30,3,5,9.404,9.905,4.044,10.63,ok
L04,L04-B2-S31,2,31,3,6,10.944,11.358,4.017,12.033,ok
L04,L04-B2-S32,2,32,3,7,10.004,10.445,3.913,11.125,ok
L04,L04-B2-S33,2,33,4,0,11.339,11.118,4.211,12.047,ok
L04,L04-B2-S34,2,34,4,1,8.927,9.18,3.974,9.94,ok
L04,L04-B2-S35,2,35,4,2,9.531,9.712,3.974,10.218,ok
L04,L04-B2-S36,2,36,4,3,10.23,10.587,4.122,11.155,ok
L04,L04-B2-S37,2,37,4,4,12.061,12.71,4.046,13.5,ok
L04,L04-B2-S38,2,38,4,5,8.887,9.601,3.796,9.896,ok
L04,L04-B2-S39,2,39,4,6,10.573,10.792,4.081,11.255,ok
L04,L04-B2-S40,2,40,4,7,9.505,9.544,4.062,10.373,ok
L04,L04-B3-S01,3,1,0,0,8.371,8.619,4.043,9.364,ok
L04,L04-B3-S02,3,2,0,1,10.432,10.959,3.959,11.449,ok
L04,L04-B3-S03,3,3,0,2,9.934,10.399,4.024,11.209,ok
L04,L04-B3-S04,3,4,0,3,12.036,22.997,3.819,40.23,part_fault
L04,L04-B3-S05,3,5,0,4,10.213,10.775,4.113,11.704,ok
L04,L04-B3-S06,3,6,0,5,9.202,9.312,3.741,9.908,ok
L04,L04-B3-S07,3,7,0,6,10.507,10.702,3.919,11.628,ok
L04,L04-B3-S08,3,8,0,7,9.331,9.896,4.191,10.721,ok
L04,L04-B3-S09,3,9,1,0,10.402,11.243,3.982,12.409,ok
L04,L04-B3-S10,3,10,1,1,9.562,10.036,3.801,10.808,ok
L04,L04-B3-S11,3,11,1,2,10.147,10.387,4.094,11.365,ok
L04,L04-B3-S12,3,12,1,3,10.095,10.757,4.026,11.343,ok
L04,L04-B3-S13,3,13,1,4,8.713,9.434,3.953,9.741,ok
L04,L04-B3-S14,3,14,1,5,12.031,26.839,4.25,51.352,part_fault
L04,L04-B3-S15,3,15,1,6,9.994,10.477,4.089,10.822,ok
L04,L04-B3-S16,3,16,1,7,9.721,10.045,3.773,10.868,ok
L04,L04-B3-S17,3,17,2,0,9.631,9.479,3.769,10.021,ok
L04,L04-B3-S18,3,18,2,1,10.926,11.404,4.187,11.695,ok
L04,L04-B3-S19,3,19,2,2,11.583,11.832,3.948,12.209,ok
L04,L04-B3-S20,3,20,2,3,9.338,9.589,3.934,9.509,ok
L04,L04-B3-S21,3,21,2,4,9.906,10.412,3.882,10.65,ok
L04,L04-B3-S22,3,22,2,5,12.244,22.776,4.014,40.615,part_fault
L04,L04-B3-S23,3,23,2,6,9.405,9.666,4.063,10.722,ok
L04,L04-B3-S24,3,24,2,7,9.804,10.172,3.881,10.757,ok
L04,L04-B3-S25,3,25,3,0,10.505,11.256,4.003,11.533,ok
L04,L04-B3-S26,3,26,3,1,10.362,10.831,4.028,11.482,ok
L04,L04-B3-S27,3,27,3,2,8.52,8.471,3.766,8.938,ok
L04,L04-B3-S28,3,28,3,3,9.857,9.836,4.207,10.616,ok
L04,L04-B3-S29,3,29,3,4,9.292,9.731,4.046,10.277,ok
L04,L04-B3-S30,3,30,3,5,11.284,11.735,4.085,12.203,ok
L04,L04-B3-S31,3,31,3,6,11.826,11.874,3.926,12.075,ok
L04,L04-B3-S32,3,32,3,7,9.655,10.092,3.92,10.718,ok
L04,L04-B3-S33,3,33,4,0,11.029,11.223,3.917,11.952,ok
L04,L04-B3-S34,3,34,4,1,10.522,10.786,3.869,11.259,ok
L04,L04-B3-S35,3,35,4,2,8.755,9.26,4.116,9.338,ok
L04,L04-B3-S36,3,36,4,3,10.538,10.967,4.008,11.919,ok
L04,L04-B3-S37,3,37,4,4,9.838,9.643,3.847,10.133,ok
L04,L04-B3-S38,3,38,4,5,10.004,10.615,3.799,11.665,ok
L04,L04-B3-S39,3,39,4,6,10.973,11.253,3.901,11.634,ok
L04,L04-B3-S40,3,40,4,7,8.945,9.085,3.951,9.843,ok
L05,L05-B1-S01,1,1,0,0,11.584,11.866,4.005,12.5,ok
L05,L05-B1-S02,1,2,0,1,11.172,11.759,3.851,12.18,ok
L05,L05-B1-S03,1,3,0,2,9.081,9.809,4.112,10.23,ok
L05,L05-B1-S04,1,4,0,3,8.424,9.021,3.861,9.269,ok
L05,L05-B1-S05,1,5,0,4,8.48,8.681,4.093,9.148,ok
L05,L05-B1-S06,1,6,0,5,10.18,10.524,4.077,11.064,ok
L05,L05-B1-S07,1,7,0,6,10.439,10.742,4.238,11.647,ok
L05,L05-B1-S08,1,8,0,7,10.469,10.716,4.071,10.888,ok
L05,L05-B1-S09,1,9,1,0,11.025,11.309,3.925,12.007,ok
L05,L05-B1-S10,1,10,1,1,8.944,9.388,4.085,9.98,ok
L05,L05-B1-S11,1,11,1,2,10.961,11.113,4.042,11.311,ok
L05,L05-B1-S12,1,12,1,3,11.134,11.607,4.319,12.68,ok
L05,L05-B1-S13,1,13,1,4,9.263,9.595,4.111,10.018,ok
L05,L05-B1-S14,1,14,1,5,11.415,11.575,4.006,12.081,ok
L05,L05-B1-S15,1,15,1,6,10.339,10.844,4.158,11.392,ok
L05,L05-B1-S16,1,16,1,7,12.245,12.802,3.961,13.209,ok
L05,L05-B1-S17,1,17,2,0,8.399,9.361,3.859,9.841,ok
L05,L05-B1-S18,1,18,2,1,10.264,10.685,4.166,11.344,ok
L05,L05-B1-S19,1,19,2,2,9.852,10.293,3.92,10.953,ok
L05,L05-B1-S20,1,20,2,3,10.705,11.142,4.007,11.978,ok
L05,L05-B1-S21,1,21,2,4,10.459,11.083,4.144,12.133,ok
L05,L05-B1-S22,1,22,2,5,8.877,8.957,4.045,9.22,ok
L05,L05-B1-S23,1,23,2,6,10.765,10.777,4.163,11.632,ok
L05,L05-B1-S24,1,24,2,7,11.359,11.944,4.022,12.36,ok
L05,L05-B1-S25,1,25,3,0,10.974,11.541,3.875,12.399,ok
L05,L05-B1-S26,1,26,3,1,44.492,44.516,4.55,45.255,part_fault
L05,L05-B1-S27,1,27,3,2,9.257,9.74,3.808,10.242,ok
L05,L05-B1-S28,1,28,3,3,9.962,10.313,3.853,10.683,ok
L05,L05-B1-S29,1,29,3,4,9.739,10.273,4.002,10.871,ok
L05,L05-B1-S30,1,30,3,5,10.561,11.047,3.946,11.606,ok
L05,L05-B1-S31,1,31,3,6,9.718,10.084,4.001,10.685,ok
L05,L05-B1-S32,1,32,3,7,11.01,11.591,4.086,12.231,ok
L05,L05-B1-S33,1,33,4,0,10.48,10.68,4.01,11.318,ok
L05,L05-B1-S34,1,34,4,1,8.856,9.301,3.881,9.599,ok
L05,L05-B1-S35,1,35,4,2,10.765,11.188,4.074,11.858,ok
L05,L05-B1-S36,1,36,4,3,9.148,9.218,3.878,9.782,ok
L05,L05-B1-S37,1,37,4,4,12.027,22.823,3.847,40.403,part_fault
L05,L05-B1-S38,1,38,4,5,10.607,10.559,4.084,11.222,ok
L05,L05-B1-S39,1,39,4,6,11.623,11.916,4.12,12.46,ok
L05,L05-B1-S40,1,40,4,7,10.057,10.212,3.952,10.703,ok
L05,L05-B2-S01,2,1,0,0,11.155,11.499,3.99,12.078,ok
L05,L05-B2-S02,2,2,0,1,9.733,9.915,4.08,10.755,ok
L05,L05-B2-S03,2,3,0,2,12.116,12.712,3.874,12.811,ok
L05,L05-B2-S04,2,4,0,3,10.208,10.919,4.133,11.565,ok
L05,L05-B2-S05,2,5,0,4,8.651,9.392,3.897,10.035,ok
L05,L05-B2-S06,2,6,0,5,11.331,12.013,3.978,12.501,ok
L05,L05-B2-S07,2,7,0,6,9.038,9.63,3.983,10.461,ok
L05,L05-B2-S08,2,8,0,7,11.026,11.122,4.017,11.463,ok
L05,L05-B2-S09,2,9,1,0,10.784,11.005,4.035,10.918,ok
L05,L05-B2-S10,2,10,1,1,11.166,11.68,3.985,11.669,ok
L05,L05-B2-S11,2,11,1,2,9.665,10.064,3.924,10.666,ok
L05,L05-B2-S12,2,12,1,3,9.259,9.304,3.992,9.992,ok
L05,L05-B2-S13,2,13,1,4,10.222,10.115,3.927,10.883,ok
L05,L05-B2-S14,2,14,1,5,10.095,10.818,4.147,11.697,ok
L05,L05-B2-S15,2,15,1,6,10.07,10.358,3.828,11.274,ok
L05,L05-B2-S16,2,16,1,7,10.242,10.363,3.953,10.757,ok
L05,L05-B2-S17,2,17,2,0,8.986,9.118,4.016,9.658,ok
L05,L05-B2-S18,2,18,2,1,10.361,10.778,4.026,11.729,ok
L05,L05-B2-S19,2,19,2,2,9.656,9.868,3.797,10.644,ok
L05,L05-B2-S20,2,20,2,3,11.778,11.778,4.079,12.024,ok
L05,L05-B2-S21,2,21,2,4,10.353,10.488,3.945,11.329,ok
L05,L05-B2-S22,2,22,2,5,8.889,9.007,4.064,9.631,ok
L05,L05-B2-S23,2,23,2,6,9.509,9.737,4.081,10.533,ok
L05,L05-B2-S24,2,24,2,7,9.062,9.777,4.054,10.613,ok
L05,L05-B2-S25,2,25,3,0,10.073,10.543,4.036,11.061,ok
L05,L05-B2-S26,2,26,3,1,9.382,9.647,4.025,9.912,ok
L05,L05-B2-S27,2,27,3,2,10.788,11.424,3.951,12.216,ok
L05,L05-B2-S28,2,28,3,3,10.03,10.046,4.136,10.816,ok
L05,L05-B2-S29,2,29,3,4,10.932,11.66,4.105,12.849,ok
L05,L05-B2-S30,2,30,3,5,9.631,9.728,3.95,10.357,ok
L05,L05-B2-S31,2,31,3,6,10.329,10.953,3.704,11.819,ok
L05,L05-B2-S32,2,32,3,7,10.346,10.807,4.031,11.37,ok
L05,L05-B2-S33,2,33,4,0,10.719,10.631,4.109,11.304,ok
L05,L05-B2-S34,2,34,4,1,10.268,10.836,3.999,11.079,ok
L05,L05-B2-S35,2,35,4,2,9.403,9.979,4.067,10.913,ok
L05,L05-B2-S36,2,36,4,3,8.54,9.433,3.941,9.629,ok
L05,L05-B2-S37,2,37,4,4,10.046,10.415,3.787,11.139,ok
L05,L05-B2-S38,2,38,4,5,10.512,11.076,3.914,11.551,ok
L05,L05-B2-S39,2,39,4,6,10.058,10.53,4.021,10.842,ok
L05,L05-B2-S40,2,40,4,7,9.486,10.219,3.931,11.282,ok
L05,L05-B3-S01,3,1,0,0,10.601,10.837,3.933,11.484,ok
L05,L05-B3-S02,3,2,0,1,10.073,10.441,3.892,10.748,ok
L05,L05-B3-S03,3,3,0,2,10.811,10.992,3.836,11.435,ok
L05,L05-B3-S04,3,4,0,3,8.574,8.81,3.93,9.888,ok
L05,L05-B3-S05,3,5,0,4,9.705,10.139,3.9,10.2,ok
L05,L05-B3-S06,3,6,0,5,9.187,9.771,4.1,10.536,ok
L05,L05-B3-S07,3,7,0,6,10.667,10.815,4.095,10.953,ok
L05,L05-B3-S08,3,8,0,7,11.188,11.45,4.027,12.082,ok
L05,L05-B3-S09,3,9,1,0,10.282,10.983,4.009,11.31,ok
L05,L05-B3-S10,3,10,1,1,9.145,9.411,3.978,10.494,ok
L05,L05-B3-S11,3,11,1,2,9.922,11.033,3.868,11.683,ok
L05,L05-B3-S12,3,12,1,3,11.199,11.528,3.996,11.965,ok
L05,L05-B3-S13,3,13,1,4,7.995,8.548,3.856,9.138,ok
L05,L05-B3-S14,3,14,1,5,9.008,9.278,3.956,10.11,ok
L05,L05-B3-S15,3,15,1,6,9.052,9.731,4.076,10.768,ok
L05,L05-B3-S16,3,16,1,7,12.077,12.545,3.902,13.053,ok
L05,L05-B3-S17,3,17,2,0,11.806,12.006,4.031,12.341,ok
L05,L05-B3-S18,3,18,2,1,9.655,10.01,3.829,10.612,ok
L05,L05-B3-S19,3,19,2,2,9.582,9.875,4.019,10.856,ok
L05,L05-B3-S20,3,20,2,3,11.454,11.57,4.017,12.226,ok
L05,L05-B3-S21,3,21,2,4,10.641,11.139,3.978,11.893,ok
L05,L05-B3-S22,3,22,2,5,12.194,27.03,4.039,51.554,part_fault
L05,L05-B3-S23,3,23,2,6,8.23,8.89,3.868,9.399,ok
L05,L05-B3-S24,3,24,2,7,8.502,8.839,4.129,9.796,ok
L05,L05-B3-S25,3,25,3,0,9.431,9.876,4.239,10.118,ok
L05,L05-B3-S26,3,26,3,1,9.988,10.623,4.038,10.896,ok
L05,L05-B3-S27,3,27,3,2,11.117,11.639,4.13,12.201,ok
L05,L05-B3-S28,3,28,3,3,8.96,9.791,3.991,10.419,ok
L05,L05-B3-S29,3,29,3,4,9.01,9.539,4.306,10.538,ok
L05,L05-B3-S30,3,30,3,5,10.284,11.063,3.97,11.403,ok
L05,L05-B3-S31,3,31,3,6,8.608,9.164,3.881,9.608,ok
L05,L05-B3-S32,3,32,3,7,9.789,10.588,3.786,11.398,ok
L05,L05-B3-S33,3,33,4,0,10.368,10.831,4.041,11.499,ok
L05,L05-B3-S34,3,34,4,1,9.483,9.667,3.888,10.756,ok
L05,L05-B3-S35,3,35,4,2,11.337,11.899,4.161,12.401,ok
L05,L05-B3-S36,3,36,4,3,9.871,10.238,4.086,11.271,ok
L05,L05-B3-S37,3,37,4,4,8.79,9.681,4.327,10.545,ok
L05,L05-B3-S38,3,38,4,5,11.832,22.654,3.902,40.291,part_fault
L05,L05-B3-S39,3,39,4,6,7.824,7.881,4.216,8.753,ok
L05,L05-B3-S40,3,40,4,7,10.903,11.245,3.851,11.753,ok
L06,L06-B1-S01,1,1,0,0,10.883,10.974,3.822,11.869,ok
L06,L06-B1-S02,1,2,0,1,7.658,8.099,4.014,8.524,ok
L06,L06-B1-S03,1,3,0,2,9.802,10.053,3.847,11.198,ok
L06,L06-B1-S04,1,4,0,3,9.612,27.966,4.139,28.289,board_fault
L06,L06-B1-S05,1,5,0,4,9.705,26.725,3.98,27.399,board_fault
L06,L06-B1-S06,1,6,0,5,11.271,11.712,3.97,12.833,ok
L06,L06-B1-S07,1,7,0,6,10.704,10.915,3.973,11.202,ok
L06,L06-B1-S08,1,8,0,7,9.645,9.906,3.916,10.955,ok
L06,L06-B1-S09,1,9,1,0,8.362,8.511,3.926,9.065,ok
L06,L06-B1-S10,1,10,1,1,10.271,10.36,4.022,11.141,ok
L06,L06-B1-S11,1,11,1,2,10.219,10.184,4.08,11.11,ok
L06,L06-B1-S12,1,12,1,3,9.349,25.293,4.111,26.093,board_fault
L06,L06-B1-S13,1,13,1,4,9.656,27.926,3.946,27.785,board_fault
L06,L06-B1-S14,1,14,1,5,10.452,11.085,4.08,11.973,ok
L06,L06-B1-S15,1,15,1,6,10.166,10.861,4.12,11.84,ok
L06,L06-B1-S16,1,16,1,7,11.207,10.882,3.989,12.008,ok
L06,L06-B1-S17,1,17,2,0,8.627,9.059,3.919,10.255,ok
L06,L06-B1-S18,1,18,2,1,44.623,45.157,4.55,45.819,part_fault
L06,L06-B1-S19,1,19,2,2,9.662,9.979,3.976,10.606,ok
L06,L06-B1-S20,1,20,2,3,11.173,29.122,3.879,29.766,board_fault
L06,L06-B1-S21,1,21,2,4,10.826,11.128,3.929,11.776,ok
L06,L06-B1-S22,1,22,2,5,10.514,10.848,4.013,11.468,ok
L06,L06-B1-S23,1,23,2,6,9.302,9.757,3.852,10.313,ok
L06,L06-B1-S24,1,24,2,7,10.659,11.235,3.985,11.478,ok
L06,L06-B1-S25,1,25,3,0,10.528,11.068,4.052,11.548,ok
L06,L06-B1-S26,1,26,3,1,9.413,9.839,4.105,10.186,ok
L06,L06-B1-S27,1,27,3,2,8.566,8.48,4.006,9.328,ok
L06,L06-B1-S28,1,28,3,3,9.95,10.264,4.131,10.668,ok
L06,L06-B1-S29,1,29,3,4,9.933,10.513,4.043,11.245,ok
L06,L06-B1-S30,1,30,3,5,10.989,11.16,4.174,11.884,ok
L06,L06-B1-S31,1,31,3,6,10.836,11.223,4.027,11.699,ok
L06,L06-B1-S32,1,32,3,7,10.396,11.138,3.666,11.992,ok
L06,L06-B1-S33,1,33,4,0,11.868,22.962,4.031,40.565,part_fault
L06,L06-B1-S34,1,34,4,1,10.301,10.422,4.0,10.901,ok
L06,L06-B1-S35,1,35,4,2,9.454,10.003,4.014,10.122,ok
L06,L06-B1-S36,1,36,4,3,10.38,10.831,4.032,11.688,ok
L06,L06-B1-S37,1,37,4,4,10.048,10.39,4.126,11.079,ok
L06,L06-B1-S38,1,38,4,5,10.871,11.235,4.011,11.626,ok
L06,L06-B1-S39,1,39,4,6,9.82,10.21,4.118,11.605,ok
L06,L06-B1-S40,1,40,4,7,11.067,11.433,4.045,12.018,ok
L06,L06-B2-S01,2,1,0,0,10.918,11.829,3.99,11.757,ok
L06,L06-B2-S02,2,2,0,1,8.336,9.047,4.03,10.243,ok
L06,L06-B2-S03,2,3,0,2,9.454,10.197,3.955,10.629,ok
L06,L06-B2-S04,2,4,0,3,10.654,10.708,4.14,11.762,ok
L06,L06-B2-S05,2,5,0,4,9.147,10.115,3.882,10.771,ok
L06,L06-B2-S06,2,6,0,5,10.206,10.737,3.853,11.454,ok
L06,L06-B2-S07,2,7,0,6,11.732,12.001,4.002,12.446,ok
L06,L06-B2-S08,2,8,0,7,11.08,11.27,3.873,11.608,ok
L06,L06-B2-S09,2,9,1,0,9.475,10.192,3.886,10.56,ok
L06,L06-B2-S10,2,10,1,1,12.169,12.767,4.049,13.32,ok
L06,L06-B2-S11,2,11,1,2,10.477,10.63,4.001,11.658,ok
L06,L06-B2-S12,2,12,1,3,9.211,10.005,3.977,10.539,ok
L06,L06-B2-S13,2,13,1,4,11.041,11.696,4.008,12.382,ok
L06,L06-B2-S14,2,14,1,5,9.942,10.296,3.895,10.726,ok
L06,L06-B2-S15,2,15,1,6,9.939,10.312,4.063,11.087,ok
L06,L06-B2-S16,2,16,1,7,12.044,26.71,3.968,51.451,part_fault
L06,L06-B2-S17,2,17,2,0,11.142,11.373,3.957,12.337,ok
L06,L06-B2-S18,2,18,2,1,9.615,10.005,3.912,10.608,ok
L06,L06-B2-S19,2,19,2,2,9.9,10.185,3.928,11.203,ok
L06,L06-B2-S20,2,20,2,3,9.892,10.768,4.111,11.141,ok
L06,L06-B2-S21,2,21,2,4,10.148,10.192,3.878,10.94,ok
L06,L06-B2-S22,2,22,2,5,10.554,10.772,3.945,11.522,ok
L06,L06-B2-S23,2,23,2,6,8.606,9.273,3.948,9.849,ok
L06,L06-B2-S24,2,24,2,7,10.463,11.089,3.894,11.696,ok
L06,L06-B2-S25,2,25,3,0,8.669,9.349,4.045,9.857,ok
L06,L06-B2-S26,2,26,3,1,10.539,10.861,4.163,11.125,ok
L06,L06-B2-S27,2,27,3,2,10.276,10.846,3.768,11.165,ok
L06,L06-B2-S28,2,28,3,3,9.272,9.516,4.008,10.319,ok
L06,L06-B2-S29,2,29,3,4,10.103,10.537,3.941,11.025,ok
L06,L06-B2-S30,2,30,3,5,9.66,10.082,4.102,11.05,ok
L06,L06-B2-S31,2,31,3,6,10.422,11.115,4.048,11.274,ok
L06,L06-B2-S32,2,32,3,7,11.602,11.843,4.163,12.69,ok
L06,L06-B2-S33,2,33,4,0,8.826,8.936,4.098,9.412,ok
L06,L06-B2-S34,2,34,4,1,10.012,9.942,4.094,10.028,ok
L06,L06-B2-S35,2,35,4,2,10.869,11.306,4.02,12.052,ok
L06,L06-B2-S36,2,36,4,3,8.477,9.1,4.306,10.126,ok
L06,L06-B2-S37,2,37,4,4,12.405,12.517,4.022,13.563,ok
L06,L06-B2-S38,2,38,4,5,10.763,10.974,3.939,11.349,ok
L06,L06-B2-S39,2,39,4,6,10.858,11.078,3.94,11.855,ok
L06,L06-B2-S40,2,40,4,7,9.86,10.325,3.958,10.718,ok
L06,L06-B3-S01,3,1,0,0,11.019,11.318,3.917,11.623,ok
L06,L06-B3-S02,3,2,0,1,9.578,9.732,4.085,10.436,ok
L06,L06-B3-S03,3,3,0,2,8.808,8.94,4.034,9.234,ok
L06,L06-B3-S04,3,4,0,3,8.108,8.675,4.165,9.667,ok
L06,L06-B3-S05,3,5,0,4,10.201,10.455,4.041,11.223,ok
L06,L06-B3-S06,3,6,0,5,10.615,11.386,4.274,12.043,ok
L06,L06-B3-S07,3,7,0,6,10.369,10.875,4.144,12.309,ok
L06,L06-B3-S08,3,8,0,7,11.747,12.377,4.058,12.512,ok
L06,L06-B3-S09,3,9,1,0,12.206,12.408,3.866,12.88,ok
L06,L06-B3-S10,3,10,1,1,12.466,12.208,4.126,12.453,ok
L06,L06-B3-S11,3,11,1,2,9.509,9.791,3.789,10.298,ok
L06,L06-B3-S12,3,12,1,3,11.734,22.653,3.997,40.672,part_fault
L06,L06-B3-S13,3,13,1,4,10.494,10.796,4.122,11.103,ok
L06,L06-B3-S14,3,14,1,5,10.833,10.965,3.942,11.084,ok
L06,L06-B3-S15,3,15,1,6,9.186,10.062,4.004,11.248,ok
L06,L06-B3-S16,3,16,1,7,8.715,9.272,3.843,9.769,ok
L06,L06-B3-S17,3,17,2,0,9.199,9.837,4.002,10.805,ok
L06,L06-B3-S18,3,18,2,1,10.196,10.662,4.246,11.385,ok
L06,L06-B3-S19,3,19,2,2,10.384,10.533,3.996,11.149,ok
L06,L06-B3-S20,3,20,2,3,10.454,10.838,4.085,11.304,ok
L06,L06-B3-S21,3,21,2,4,9.452,10.188,4.066,10.631,ok
L06,L06-B3-S22,3,22,2,5,8.642,8.908,4.094,9.431,ok
L06,L06-B3-S23,3,23,2,6,10.228,10.839,3.878,12.088,ok
L06,L06-B3-S24,3,24,2,7,8.557,9.098,3.951,9.921,ok
L06,L06-B3-S25,3,25,3,0,9.399,10.433,3.883,10.986,ok
L06,L06-B3-S26,3,26,3,1,8.879,9.038,4.09,9.52,ok
L06,L06-B3-S27,3,27,3,2,9.881,10.421,3.746,10.473,ok
L06,L06-B3-S28,3,28,3,3,10.692,10.806,4.082,11.36,ok
L06,L06-B3-S29,3,29,3,4,9.609,10.021,3.913,10.8,ok
L06,L06-B3-S30,3,30,3,5,10.368,10.662,3.905,10.912,ok
L06,L06-B3-S31,3,31,3,6,10.191,11.083,4.059,12.086,ok
L06,L06-B3-S32,3,32,3,7,9.418,9.633,4.012,10.294,ok
L06,L06-B3-S33,3,33,4,0,9.164,9.663,4.249,10.301,ok
L06,L06-B3-S34,3,34,4,1,9.591,9.7,3.904,9.895,ok
L06,L06-B3-S35,3,35,4,2,9.754,10.179,4.152,10.922,ok
L06,L06-B3-S36,3,36,4,3,11.139,11.215,4.148,11.613,ok
L06,L06-B3-S37,3,37,4,4,11.608,11.659,3.972,12.204,ok
L06,L06-B3-S38,3,38,4,5,10.18,10.691,3.809,11.504,ok
L06,L06-B3-S39,3,39,4,6,10.011,10.231,3.893,10.757,ok
L06,L06-B3-S40,3,40,4,7,9.891,10.273,4.078,11.039,ok
