lot_id,part_id,board,socket,row,col,leak_0h_uA,leak_24h_uA,current_24h_mA
L07,L07-B1-S01,1,1,0,0,9.348,9.763,4.136
L07,L07-B1-S02,1,2,0,1,8.426,9.071,3.92
L07,L07-B1-S03,1,3,0,2,10.811,11.644,4.023
L07,L07-B1-S04,1,4,0,3,8.393,8.605,3.997
L07,L07-B1-S05,1,5,0,4,10.013,10.311,4.071
L07,L07-B1-S06,1,6,0,5,10.464,10.988,3.937
L07,L07-B1-S07,1,7,0,6,9.686,10.256,4.188
L07,L07-B1-S08,1,8,0,7,11.231,11.196,3.846
L07,L07-B1-S09,1,9,1,0,11.032,11.383,4.065
L07,L07-B1-S10,1,10,1,1,8.506,9.024,3.922
L07,L07-B1-S11,1,11,1,2,9.899,10.169,3.804
L07,L07-B1-S12,1,12,1,3,9.478,9.875,3.748
L07,L07-B1-S13,1,13,1,4,11.52,12.002,3.899
L07,L07-B1-S14,1,14,1,5,44.275,44.766,4.55
L07,L07-B1-S15,1,15,1,6,10.392,10.681,4.112
L07,L07-B1-S16,1,16,1,7,10.691,11.146,4.235
L07,L07-B1-S17,1,17,2,0,10.913,11.172,3.976
L07,L07-B1-S18,1,18,2,1,11.033,10.981,3.874
L07,L07-B1-S19,1,19,2,2,10.71,11.356,3.912
L07,L07-B1-S20,1,20,2,3,11.933,12.161,4.126
L07,L07-B1-S21,1,21,2,4,10.479,10.347,3.989
L07,L07-B1-S22,1,22,2,5,7.894,8.547,4.012
L07,L07-B1-S23,1,23,2,6,11.007,11.49,3.981
L07,L07-B1-S24,1,24,2,7,8.515,9.128,4.096
L07,L07-B1-S25,1,25,3,0,10.964,11.129,4.131
L07,L07-B1-S26,1,26,3,1,10.268,10.268,4.177
L07,L07-B1-S27,1,27,3,2,10.517,10.864,4.23
L07,L07-B1-S28,1,28,3,3,10.514,11.215,3.97
L07,L07-B1-S29,1,29,3,4,8.827,9.336,3.999
L07,L07-B1-S30,1,30,3,5,9.16,9.37,4.133
L07,L07-B1-S31,1,31,3,6,11.765,27.018,3.968
L07,L07-B1-S32,1,32,3,7,10.057,10.244,3.95
L07,L07-B1-S33,1,33,4,0,7.934,8.253,4.083
L07,L07-B1-S34,1,34,4,1,10.442,11.256,3.879
L07,L07-B1-S35,1,35,4,2,10.296,10.416,3.972
L07,L07-B1-S36,1,36,4,3,10.315,10.695,3.893
L07,L07-B1-S37,1,37,4,4,11.47,11.991,3.857
L07,L07-B1-S38,1,38,4,5,10.467,10.757,4.102
L07,L07-B1-S39,1,39,4,6,9.538,9.429,4.064
L07,L07-B1-S40,1,40,4,7,9.567,9.833,3.952
L07,L07-B2-S01,2,1,0,0,9.087,9.084,4.123
L07,L07-B2-S02,2,2,0,1,10.39,10.38,3.872
L07,L07-B2-S03,2,3,0,2,9.693,10.275,4.087
L07,L07-B2-S04,2,4,0,3,10.703,11.105,4.001
L07,L07-B2-S05,2,5,0,4,10.477,10.406,3.93
L07,L07-B2-S06,2,6,0,5,8.072,8.637,3.979
L07,L07-B2-S07,2,7,0,6,12.244,26.978,4.138
L07,L07-B2-S08,2,8,0,7,8.939,9.345,3.945
L07,L07-B2-S09,2,9,1,0,9.261,9.699,3.974
L07,L07-B2-S10,2,10,1,1,10.72,11.165,4.103
L07,L07-B2-S11,2,11,1,2,9.859,10.298,3.811
L07,L07-B2-S12,2,12,1,3,10.486,10.754,4.009
L07,L07-B2-S13,2,13,1,4,11.013,11.272,4.019
L07,L07-B2-S14,2,14,1,5,10.314,11.009,3.91
L07,L07-B2-S15,2,15,1,6,10.209,10.783,3.929
L07,L07-B2-S16,2,16,1,7,11.79,12.259,3.926
L07,L07-B2-S17,2,17,2,0,10.757,11.36,3.952
L07,L07-B2-S18,2,18,2,1,10.343,10.721,3.941
L07,L07-B2-S19,2,19,2,2,10.621,10.898,3.912
L07,L07-B2-S20,2,20,2,3,9.82,10.449,4.077
L07,L07-B2-S21,2,21,2,4,8.619,9.099,3.869
L07,L07-B2-S22,2,22,2,5,8.649,9.064,4.171
L07,L07-B2-S23,2,23,2,6,11.042,11.303,4.105
L07,L07-B2-S24,2,24,2,7,9.71,10.113,4.217
L07,L07-B2-S25,2,25,3,0,11.7,12.299,4.045
L07,L07-B2-S26,2,26,3,1,12.126,22.723,4.09
L07,L07-B2-S27,2,27,3,2,9.986,10.51,4.059
L07,L07-B2-S28,2,28,3,3,9.887,10.558,3.991
L07,L07-B2-S29,2,29,3,4,10.164,10.778,4.106
L07,L07-B2-S30,2,30,3,5,7.661,8.015,3.95
L07,L07-B2-S31,2,31,3,6,10.369,10.857,4.034
L07,L07-B2-S32,2,32,3,7,10.265,10.35,4.095
L07,L07-B2-S33,2,33,4,0,11.648,12.106,4.035
L07,L07-B2-S34,2,34,4,1,10.478,10.891,3.914
L07,L07-B2-S35,2,35,4,2,9.492,9.531,4.093
L07,L07-B2-S36,2,36,4,3,10.174,10.601,4.08
L07,L07-B2-S37,2,37,4,4,10.034,10.24,3.941
L07,L07-B2-S38,2,38,4,5,10.393,10.752,3.815
L07,L07-B2-S39,2,39,4,6,10.482,11.044,3.952
L07,L07-B2-S40,2,40,4,7,7.857,8.226,4.022
L07,L07-B3-S01,3,1,0,0,12.164,12.719,3.943
L07,L07-B3-S02,3,2,0,1,9.966,10.496,3.933
L07,L07-B3-S03,3,3,0,2,11.478,11.919,3.913
L07,L07-B3-S04,3,4,0,3,11.401,11.56,4.078
L07,L07-B3-S05,3,5,0,4,9.171,24.28,3.91
L07,L07-B3-S06,3,6,0,5,9.749,25.401,4.048
L07,L07-B3-S07,3,7,0,6,10.585,26.447,3.887
L07,L07-B3-S08,3,8,0,7,9.966,10.425,4.043
L07,L07-B3-S09,3,9,1,0,9.529,9.943,3.952
L07,L07-B3-S10,3,10,1,1,9.304,9.397,3.886
L07,L07-B3-S11,3,11,1,2,9.076,9.252,4.176
L07,L07-B3-S12,3,12,1,3,9.946,10.709,3.788
L07,L07-B3-S13,3,13,1,4,10.846,29.515,3.8
L07,L07-B3-S14,3,14,1,5,9.827,26.265,4.049
L07,L07-B3-S15,3,15,1,6,9.402,23.82,4.124
L07,L07-B3-S16,3,16,1,7,9.183,9.536,4.073
L07,L07-B3-S17,3,17,2,0,9.251,9.685,4.002
L07,L07-B3-S18,3,18,2,1,10.893,10.929,4.116
L07,L07-B3-S19,3,19,2,2,10.513,10.851,3.917
L07,L07-B3-S20,3,20,2,3,11.32,11.893,4.114
L07,L07-B3-S21,3,21,2,4,10.149,9.974,4.08
L07,L07-B3-S22,3,22,2,5,10.193,10.423,3.983
L07,L07-B3-S23,3,23,2,6,12.683,12.78,4.122
L07,L07-B3-S24,3,24,2,7,9.912,10.522,4.116
L07,L07-B3-S25,3,25,3,0,10.812,10.987,3.881
L07,L07-B3-S26,3,26,3,1,10.398,10.703,3.929
L07,L07-B3-S27,3,27,3,2,8.964,9.452,3.862
L07,L07-B3-S28,3,28,3,3,10.472,11.017,4.081
L07,L07-B3-S29,3,29,3,4,7.972,8.864,3.963
L07,L07-B3-S30,3,30,3,5,9.028,9.526,3.997
L07,L07-B3-S31,3,31,3,6,10.176,10.817,4.093
L07,L07-B3-S32,3,32,3,7,9.306,10.009,3.905
L07,L07-B3-S33,3,33,4,0,9.267,9.893,4.257
L07,L07-B3-S34,3,34,4,1,9.498,9.91,3.949
L07,L07-B3-S35,3,35,4,2,9.486,9.413,4.18
L07,L07-B3-S36,3,36,4,3,8.786,9.17,4.065
L07,L07-B3-S37,3,37,4,4,9.857,9.986,3.907
L07,L07-B3-S38,3,38,4,5,9.475,9.72,4.114
L07,L07-B3-S39,3,39,4,6,9.489,10.059,4.152
L07,L07-B3-S40,3,40,4,7,9.2,9.585,4.006
