part_id,leak_168h_uA
L07-B1-S01,10.299
L07-B1-S02,9.31
L07-B1-S03,12.058
L07-B1-S04,9.238
L07-B1-S05,10.959
L07-B1-S06,11.483
L07-B1-S07,10.829
L07-B1-S08,11.799
L07-B1-S09,12.068
L07-B1-S10,9.516
L07-B1-S11,10.849
L07-B1-S12,10.365
L07-B1-S13,13.184
L07-B1-S14,45.358
L07-B1-S15,11.065
L07-B1-S16,11.62
L07-B1-S17,11.454
L07-B1-S18,11.745
L07-B1-S19,12.123
L07-B1-S20,12.91
L07-B1-S21,11.349
L07-B1-S22,9.126
L07-B1-S23,11.669
L07-B1-S24,9.65
L07-B1-S25,11.894
L07-B1-S26,10.608
L07-B1-S27,11.971
L07-B1-S28,11.752
L07-B1-S29,9.735
L07-B1-S30,9.795
L07-B1-S31,51.698
L07-B1-S32,11.395
L07-B1-S33,8.96
L07-B1-S34,11.964
L07-B1-S35,11.551
L07-B1-S36,11.175
L07-B1-S37,12.727
L07-B1-S38,11.527
L07-B1-S39,10.291
L07-B1-S40,10.754
L07-B2-S01,9.397
L07-B2-S02,11.076
L07-B2-S03,11.098
L07-B2-S04,11.86
L07-B2-S05,11.211
L07-B2-S06,9.118
L07-B2-S07,51.499
L07-B2-S08,10.132
L07-B2-S09,10.063
L07-B2-S10,11.945
L07-B2-S11,10.785
L07-B2-S12,11.841
L07-B2-S13,12.22
L07-B2-S14,11.806
L07-B2-S15,11.705
L07-B2-S16,12.72
L07-B2-S17,11.792
L07-B2-S18,11.267
L07-B2-S19,11.727
L07-B2-S20,11.654
L07-B2-S21,9.931
L07-B2-S22,9.841
L07-B2-S23,12.325
L07-B2-S24,11.038
L07-B2-S25,12.4
L07-B2-S26,40.646
L07-B2-S27,10.79
L07-B2-S28,11.412
L07-B2-S29,11.183
L07-B2-S30,8.505
L07-B2-S31,11.611
L07-B2-S32,11.275
L07-B2-S33,13.124
L07-B2-S34,11.21
L07-B2-S35,10.59
L07-B2-S36,11.064
L07-B2-S37,11.157
L07-B2-S38,11.099
L07-B2-S39,12.0
L07-B2-S40,9.143
L07-B3-S01,13.415
L07-B3-S02,11.196
L07-B3-S03,12.732
L07-B3-S04,11.827
L07-B3-S05,25.104
L07-B3-S06,26.172
L07-B3-S07,26.854
L07-B3-S08,11.042
L07-B3-S09,10.641
L07-B3-S10,9.994
L07-B3-S11,10.078
L07-B3-S12,11.391
L07-B3-S13,30.431
L07-B3-S14,26.727
L07-B3-S15,24.92
L07-B3-S16,10.062
L07-B3-S17,10.56
L07-B3-S18,10.996
L07-B3-S19,11.522
L07-B3-S20,12.346
L07-B3-S21,10.579
L07-B3-S22,10.996
L07-B3-S23,13.587
L07-B3-S24,11.002
L07-B3-S25,12.242
L07-B3-S26,11.193
L07-B3-S27,10.348
L07-B3-S28,11.322
L07-B3-S29,9.536
L07-B3-S30,10.561
L07-B3-S31,11.357
L07-B3-S32,10.983
L07-B3-S33,10.648
L07-B3-S34,10.775
L07-B3-S35,10.405
L07-B3-S36,10.094
L07-B3-S37,11.092
L07-B3-S38,10.605
L07-B3-S39,10.617
L07-B3-S40,10.008
